{
    "rules": {
      "class-name": true,
      "curly": true,
      "eofline": false,
      "forin": true,
      "indent": false,
      "label-position": true,
      "max-line-length": [true, 165],
      "no-arg": true,
      "no-bitwise": true,
      "no-console": false,
      "no-construct": true,
      "no-constructor-vars": false,
      "no-debugger": true,
      "no-duplicate-variable": true,
      "no-empty": true,
      "no-eval": true,
      "no-string-literal": true,
      "no-switch-case-fall-through": true,
      "no-trailing-whitespace": true,
      "no-unused-expression": false,
      "no-unused-variable": false,
      "no-var-requires": false,
      "one-line": [
        true,
        "check-open-brace",
        "check-catch",
        "check-else",
        "check-whitespace"
      ],
      "quotemark": [true, "single"], 
      "semicolon": true,
      "triple-equals": [true, "allow-null-check"],
      "typedef": [true,
        "callSignature",
        "indexSignature",
        "parameter",
        "propertySignature",
        "variableDeclarator",
        "memberVariableDeclarator"],
      "use-strict": false,
      "variable-name": [
        false,
        "allow-leading-underscore"
      ],
      "whitespace": [
        true,
        "check-branch",
        "check-decl",
        "check-operator",
        "check-separator",
        "check-type"
      ]
    }
  }